{
  "project_info": {
    "project_number": "235546622808",
    "firebase_url": "https://mi-proyecto-34a7e.firebaseio.com",
    "project_id": "mi-proyecto-34a7e",
    "storage_bucket": "mi-proyecto-34a7e.appspot.com"
  },
  "client": [
    {
      "client_info": {
        "mobilesdk_app_id": "1:235546622808:android:2c7a33992685a2dd",
        "android_client_info": {
          "package_name": "com.example.proyectogrupo6.myapplication"
        }
      },
      "oauth_client": [
        {
          "client_id": "235546622808-6582ckrmlh8u65ub2as9rgtue6sap8en.apps.googleusercontent.com",
          "client_type": 1,
          "android_info": {
            "package_name": "com.example.proyectogrupo6.myapplication",
            "certificate_hash": "3f0ff516ad35add6c4da39a9679f3ab036ec7463"
          }
        },
        {
          "client_id": "235546622808-bl2hk4ci0gpv737t50cb68b28ik5273s.apps.googleusercontent.com",
          "client_type": 3
        }
      ],
      "api_key": [
        {
          "current_key": "AIzaSyAYx07JCWrHroVsgbYGUmrpY0vUcdZxtNk"
        }
      ],
      "services": {
        "analytics_service": {
          "status": 1
        },
        "appinvite_service": {
          "status": 2,
          "other_platform_oauth_client": [
            {
              "client_id": "235546622808-bl2hk4ci0gpv737t50cb68b28ik5273s.apps.googleusercontent.com",
              "client_type": 3
            }
          ]
        },
        "ads_service": {
          "status": 2
        }
      }
    }
  ],
  "configuration_version": "1"
}